{
  "meta": {
    "rb_range": {
      "start": 1,
      "end": 8,
      "step": 1
    },
    "ue_range": {
      "start": 5,
      "end": 80,
      "step": 5
    },
    "metrics": [
      "cbrReceivedThroughput"
    ],
    "statistics": [
      "mean",
      "std"
    ],
    "units": {
      "cbrReceivedThroughput": "bps"
    }
  },
  "data": {
    "rb_1": {
      "ue_5": {
        "cbrReceivedThroughput": {
          "mean": 4894.376811594202,
          "std": 192.96817967209893
        }
      },
      "ue_10": {
        "cbrReceivedThroughput": {
          "mean": 4683.565217391305,
          "std": 577.7213889486388
        }
      },
      "ue_15": {
        "cbrReceivedThroughput": {
          "mean": 4067.9323671497596,
          "std": 1153.0778839799225
        }
      },
      "ue_20": {
        "cbrReceivedThroughput": {
          "mean": 3359.0724637681164,
          "std": 1441.4333487291685
        }
      },
      "ue_25": {
        "cbrReceivedThroughput": {
          "mean": 2857.565217391303,
          "std": 1542.9008508543245
        }
      },
      "ue_30": {
        "cbrReceivedThroughput": {
          "mean": 2536.004830917875,
          "std": 1630.611021808588
        }
      },
      "ue_35": {
        "cbrReceivedThroughput": {
          "mean": 2319.569358178053,
          "std": 1656.1553969309507
        }
      },
      "ue_40": {
        "cbrReceivedThroughput": {
          "mean": 2122.40579710145,
          "std": 1639.2509029226271
        }
      },
      "ue_45": {
        "cbrReceivedThroughput": {
          "mean": 1606.6324110671937,
          "std": 1653.4317200186224
        }
      },
      "ue_50": {
        "cbrReceivedThroughput": {
          "mean": 1296.8985507246373,
          "std": 1617.9347577655883
        }
      },
      "ue_55": {
        "cbrReceivedThroughput": {
          "mean": 1104.685421994885,
          "std": 1522.1817785244918
        }
      },
      "ue_60": {
        "cbrReceivedThroughput": {
          "mean": 958.4028985507243,
          "std": 1435.2065844883853
        }
      },
      "ue_65": {
        "cbrReceivedThroughput": {
          "mean": 836.1474480151227,
          "std": 1357.2010521107243
        }
      },
      "ue_70": {
        "cbrReceivedThroughput": {
          "mean": 761.5607580824973,
          "std": 1290.5534808694088
        }
      },
      "ue_75": {
        "cbrReceivedThroughput": {
          "mean": 696.2308845577214,
          "std": 1234.5886230584524
        }
      },
      "ue_80": {
        "cbrReceivedThroughput": {
          "mean": 631.3260869565215,
          "std": 1178.4882704352754
        }
      }
    },
    "rb_2": {
      "ue_5": {
        "cbrReceivedThroughput": {
          "mean": 4988.695652173913,
          "std": 23.76253399505833
        }
      },
      "ue_10": {
        "cbrReceivedThroughput": {
          "mean": 4961.246376811593,
          "std": 109.80814363008098
        }
      },
      "ue_15": {
        "cbrReceivedThroughput": {
          "mean": 4842.077294685994,
          "std": 405.3648233418847
        }
      },
      "ue_20": {
        "cbrReceivedThroughput": {
          "mean": 4634.326086956524,
          "std": 668.0803130733597
        }
      },
      "ue_25": {
        "cbrReceivedThroughput": {
          "mean": 4289.426086956519,
          "std": 985.9193535159418
        }
      },
      "ue_30": {
        "cbrReceivedThroughput": {
          "mean": 3904.8840579710145,
          "std": 1253.702156159481
        }
      },
      "ue_35": {
        "cbrReceivedThroughput": {
          "mean": 3528.4306418219467,
          "std": 1432.0669159631573
        }
      },
      "ue_40": {
        "cbrReceivedThroughput": {
          "mean": 3300.681159420289,
          "std": 1486.1275316380797
        }
      },
      "ue_45": {
        "cbrReceivedThroughput": {
          "mean": 2483.264822134387,
          "std": 1832.1158871628406
        }
      },
      "ue_50": {
        "cbrReceivedThroughput": {
          "mean": 2008.0207039337479,
          "std": 1876.000636408191
        }
      },
      "ue_55": {
        "cbrReceivedThroughput": {
          "mean": 1693.3213981244664,
          "std": 1837.442730067659
        }
      },
      "ue_60": {
        "cbrReceivedThroughput": {
          "mean": 1478.72463768116,
          "std": 1781.3304257386146
        }
      },
      "ue_65": {
        "cbrReceivedThroughput": {
          "mean": 1309.3824826717082,
          "std": 1734.7536817357732
        }
      },
      "ue_70": {
        "cbrReceivedThroughput": {
          "mean": 1189.8996655518395,
          "std": 1664.831220065579
        }
      },
      "ue_75": {
        "cbrReceivedThroughput": {
          "mean": 1090.6166916541727,
          "std": 1590.7136832766234
        }
      },
      "ue_80": {
        "cbrReceivedThroughput": {
          "mean": 999.0117753623188,
          "std": 1554.0270457930046
        }
      }
    },
    "rb_3": {
      "ue_5": {
        "cbrReceivedThroughput": {
          "mean": 4993.101449275363,
          "std": 23.50281696496345
        }
      },
      "ue_10": {
        "cbrReceivedThroughput": {
          "mean": 4985.63768115942,
          "std": 44.90708646509942
        }
      },
      "ue_15": {
        "cbrReceivedThroughput": {
          "mean": 4979.400966183575,
          "std": 64.89129699289688
        }
      },
      "ue_20": {
        "cbrReceivedThroughput": {
          "mean": 4941.130434782609,
          "std": 188.17339148750946
        }
      },
      "ue_25": {
        "cbrReceivedThroughput": {
          "mean": 4854.394202898551,
          "std": 381.5448547114888
        }
      },
      "ue_30": {
        "cbrReceivedThroughput": {
          "mean": 4679.381642512075,
          "std": 663.5052551367902
        }
      },
      "ue_35": {
        "cbrReceivedThroughput": {
          "mean": 4462.662525879917,
          "std": 871.9260416425793
        }
      },
      "ue_40": {
        "cbrReceivedThroughput": {
          "mean": 4214.286231884058,
          "std": 1064.8687571295259
        }
      },
      "ue_45": {
        "cbrReceivedThroughput": {
          "mean": 3233.111989459816,
          "std": 1893.2407260432365
        }
      },
      "ue_50": {
        "cbrReceivedThroughput": {
          "mean": 2646.049689440994,
          "std": 2044.3696403321896
        }
      },
      "ue_55": {
        "cbrReceivedThroughput": {
          "mean": 2245.2259164535385,
          "std": 2028.326943225605
        }
      },
      "ue_60": {
        "cbrReceivedThroughput": {
          "mean": 1960.697101449275,
          "std": 1985.5431882718347
        }
      },
      "ue_65": {
        "cbrReceivedThroughput": {
          "mean": 1752.148708254568,
          "std": 1936.7886701265077
        }
      },
      "ue_70": {
        "cbrReceivedThroughput": {
          "mean": 1569.8294314381271,
          "std": 1884.0111328405083
        }
      },
      "ue_75": {
        "cbrReceivedThroughput": {
          "mean": 1436.1489255372314,
          "std": 1819.7758676006697
        }
      },
      "ue_80": {
        "cbrReceivedThroughput": {
          "mean": 1322.511775362319,
          "std": 1775.7847354275518
        }
      }
    },
    "rb_4": {
      "ue_5": {
        "cbrReceivedThroughput": {
          "mean": 4997.681159420289,
          "std": 13.319978055839558
        }
      },
      "ue_10": {
        "cbrReceivedThroughput": {
          "mean": 4990.724637681161,
          "std": 34.679604037320885
        }
      },
      "ue_15": {
        "cbrReceivedThroughput": {
          "mean": 4988.193236714978,
          "std": 44.301804585429146
        }
      },
      "ue_20": {
        "cbrReceivedThroughput": {
          "mean": 4987.304347826088,
          "std": 49.01873359707916
        }
      },
      "ue_25": {
        "cbrReceivedThroughput": {
          "mean": 4971.234782608695,